{
    "header": {
        "company": "Trippy",
        "nav-name": [
            {
                "tab": "Rating"
            },
            {
                "tab": "Popular Destination"
            },
            {
                "tab": "Search Destination"
            },
            {
                "tab": "Hotels"
            },
            {
                "tab": "Reviews"
            },
            {
                "tab": "Creater"
            }
        ]
    },
    "home": {
        "title": "Your Journey Your Story",
        "titleIng": "https://tse3.mm.bing.net/th/id/0IP.HxV79tFMPFBAI00BBF-sOgHaEy?pid=ImgDet&rs=1",
        "text": "Choose Your Favourite Destination",
        "travellink": "Travel Plan",
        "url": "/",
        "desc": {
            "desc-title": "Popular Destination",
            "desc-info": "Tours give you the appertunity to explore"
        },
        "travel-places": [
            {
                "title": "Tall Volcano, Batanges",
                "info": "Taal Volcano is a stratovolcano located in the province of Batangas, Philippines, about 65 km south of Manila1. It is part of a chain of volcanoes lining the western edge of the island of Luzon, formed by the subduction of the Eurasian Plate underneath the Philippine Mobile Belt2. Taal Lake lies within a 25–30 km caldera formed by explosive eruptions between 140,000 and 5,380 BP. The volcano has erupted about 38 times throughout history, causing deaths on the island and the populated areas surrounding the lake, with an overall death toll of about 6,000. The most recent eruption occurred on March 31, 2022.",
                "img1": "https://th.bing.com/th/id/OIP.U5bi985e8B47Gg_Aibl7GwHaE7?rs=1&pid=ImgDetMain",
                "img2": "https://i.ytimg.com/vi/-FBekwrstic/maxresdefault.jpg"
            },
            {
                "title": "Ht. Doguldul, Batangas",
                "info": "Mt. Daguldol in Batangas, Philippines. It is a coastal mountain with an elevation of 672 meters or 2204 feet above sea level. It is located in Sitio Biga, Barangay Hugom San Juan, Batangas, and is bound between the municipality of San Juan and Lobo.The guide mentions that Mt. Daguldol has three different trails, each offering a different landscape experience. The first trail offers a view of the beach or seaside, the second passes by woodlands and forests, and the third is a grassland trail at the top of the mountain that offers a view of the mountain ranges and coastal view of Batangas.",
                "img1": "https://th.bing.com/th/id/R.6155406645a281b43ef08d7a038025ab?rik=rpoqFPcIpH6iag&riu=http%3a%2f%2f4.bp.blogspot.com%2f-IfgQmKJe_O0%2fUyWSv_0NrsI%2fAAAAAAAAA3E%2f_FOn8dzjxI4%2fw1200-h630-p-k-no-nu%2f1836806_10201246800844087_1965714557_o.jpg&ehk=np2taDpQ8GSon%2ftRuDBkSBlPrCD3TanLPLIMCjskw70%3d&risl=&pid=ImgRaw&r=0",
                "img2": "https://th.bing.com/th/id/R.b86753727745f3ea0cd25b79396ad5a6?rik=vsn2c0RaGqrRww&riu=http%3a%2f%2ftriptheislands.com%2fwp-content%2fuploads%2f2013%2f04%2f4192618558_03b77b8f57_b.jpg&ehk=72d4ZIh1mR2GkTg6ZbXQvWQr67dvwpoLwGolAZf9iWI%3d&risl=&pid=ImgRaw&r=0"
            }
        ],
        "recentTrips": [
            {
                "PName": "Maldives",
                "PImg": "https://th.bing.com/th/id/R.eb08038c6cfb95ba5102da7867a1d9c4?rik=vNM1D0G%2bpd9Yiw&riu=http%3a%2f%2fwww.magiholidays.com.au%2fwp-content%2fuploads%2f2016%2f08%2fmaldives.jpg&ehk=3fvRQMqMti%2b8h0JTcVVW7B4R2frcehb3r%2fobDjI10X8%3d&risl=&pid=ImgRaw&r=0",
                "Pdesc": "The Maldives are a large group of islands located to the s"
            },
            {
                "PName": "Maldives",
                "PImg": "https://th.bing.com/th/id/R.eb08038c6cfb95ba5102da7867a1d9c4?rik=vNM1D0G%2bpd9Yiw&riu=http%3a%2f%2fwww.magiholidays.com.au%2fwp-content%2fuploads%2f2016%2f08%2fmaldives.jpg&ehk=3fvRQMqMti%2b8h0JTcVVW7B4R2frcehb3r%2fobDjI10X8%3d&risl=&pid=ImgRaw&r=0",
                "Pdesc": "The Maldives are a large group of islands located to the s"
            },
            {
                "PName": "Maldives",
                "PImg": "https://th.bing.com/th/id/R.eb08038c6cfb95ba5102da7867a1d9c4?rik=vNM1D0G%2bpd9Yiw&riu=http%3a%2f%2fwww.magiholidays.com.au%2fwp-content%2fuploads%2f2016%2f08%2fmaldives.jpg&ehk=3fvRQMqMti%2b8h0JTcVVW7B4R2frcehb3r%2fobDjI10X8%3d&risl=&pid=ImgRaw&r=0",
                "Pdesc": "The Maldives are a large group of islands located to the s"
            }
        ]
    },
    "about": {
        "title": "",
        "titleImg": "../Images/night.jpg",
        "text": "",
        "travelLink": "",
        "url": "/",
        "aboutDetails": [
            {
                "title": "History",
                "details": "Trip.com is a private international online travel agen"
            },
            {
                "title": "Our Mission",
                "details": "These goals drive the development and administration of"
            },
            {
                "title": "Our Vision",
                "details": "To show the seeds of poor-excelience services with custom"
            }
        ]
    },
    "service": {
        "title": "",
        "titleImg": "../Images/night.jpg",
        "text": "",
        "travelLink": "",
        "url": "/",
        "recentTrips": [
            {
                "PName": "Maldives",
                "PImg": "https://th.bing.com/th/id/R.eb08038c6cfb95ba5102da7867a1d9c4?rik=vNM1D0G%2bpd9Yiw&riu=http%3a%2f%2fwww.magiholidays.com.au%2fwp-content%2fuploads%2f2016%2f08%2fmaldives.jpg&ehk=3fvRQMqMti%2b8h0JTcVVW7B4R2frcehb3r%2fobDjI10X8%3d&risl=&pid=ImgRaw&r=0",
                "Pdesc": "The Maldives are a large group of islands located to the s"
            },
            {
                "PName": "Maldives",
                "PImg": "https://th.bing.com/th/id/R.eb08038c6cfb95ba5102da7867a1d9c4?rik=vNM1D0G%2bpd9Yiw&riu=http%3a%2f%2fwww.magiholidays.com.au%2fwp-content%2fuploads%2f2016%2f08%2fmaldives.jpg&ehk=3fvRQMqMti%2b8h0JTcVVW7B4R2frcehb3r%2fobDjI10X8%3d&risl=&pid=ImgRaw&r=0",
                "Pdesc": "The Maldives are a large group of islands located to the s"
            }
        ]
    },
    "contact": {
        "title": "",
        "titleImg": "../Images/2.jpg",
        "text": "",
        "travelLink": "",
        "url": "/"
    },
    "footer": [
        {
            "title": "Project",
            "topic1": "Changelog",
            "topic2": "Status",
            "topic3": "License",
            "topic4": "All Versions"
        },
        {
            "title": "Project",
            "topic1": "Changelog",
            "topic2": "Status",
            "topic3": "License",
            "topic4": "All Versions"
        },
        {
            "title": "Project",
            "topic1": "Changelog",
            "topic2": "Status",
            "topic3": "License",
            "topic4": "All Versions"
        },
        {
            "title": "Project",
            "topic1": "Changelog",
            "topic2": "Status",
            "topic3": "License",
            "topic4": "All Versions"
        }
    ],
    "rating": [
        {
            "ratingNumber": 10,
            "ratingDesc": "World of experience"
        },
        {
            "ratingNumber": "2K+",
            "ratingDesc": "Fine Destination"
        },
        {
            "ratingNumber": "10K+",
            "ratingDesc": "Customer Reviews"
        },
        {
            "ratingNumber": 4.8,
            "ratingDesc": "Overall Ratings"
        }
    ],
    "chooseUs": {
        "title": "Why Should You Choose Us",
        "title_desc": "We have extensive knowledge and experience in the travel industry.",
        "safety": [
            {
                "safetyImg": "",
                "safetyTextHead": "Safety and support",
                "safetyTextdesc": "Our top priority is the safety and well-being of our clients. We maintain high safety standards and have emergency support available during the trip."
            },
            {
                "safetyImg": "https://cdn3.iconfinder.com/data/icons/travel-destination-001-line/68/Destination_map_gps_pin_location_place-512.png",
                "safetyTextHead": "Diverse Range of Destinations",
                "safetyTextdesc": "Whether it's a domestic tour or an international adventure, we cover a wide range of destinations to cater to different interests and proferences."
            },
            {
                "safetyImg": "https://cdn2.iconfinder.com/data/icons/webinar-1/68/27-512.png",
                "safetyTextHead": "24/7 Customer Support",
                "safetyTextdesc": "Our dedicated customer support team is available round the clock to address any queries or concerns before during and after the trip."
            }
        ]
    },
    "specialOffers": {
        "viewButtonName": "View Details",
        "rentButtonName": "For Rent",
        "hotels": [
            {
                "name": "RK Hotels",
                "address": "450 Vine St #310, peru",
                "image": "https://th.bing.com/th/id/R.eb08038c6cfb95ba5102da7867a1d9c4?rik=vNM1D0G%2bpd9Yiw&riu=http%3a%2f%2fwww.magiholidays.com.au%2fwp-content%2fuploads%2f2016%2f08%2fmaldives.jpg&ehk=3fvRQMqMti%2b8h0JTcVVW7B4R2frcehb3r%2fobDjI10X8%3d&risl=&pid=ImgRaw&r=0",
                "price": "$7,452",
                "beds": "2 Beds",
                "bath": "1 Bath",
                "Wi-Fi": "Wi-Fi",
                "shuttle": "Shuttle"
            },
            {
                "name": "RK Hotels",
                "address": "450 Vine St #310, peru",
                "image": "https://th.bing.com/th/id/R.eb08038c6cfb95ba5102da7867a1d9c4?rik=vNM1D0G%2bpd9Yiw&riu=http%3a%2f%2fwww.magiholidays.com.au%2fwp-content%2fuploads%2f2016%2f08%2fmaldives.jpg&ehk=3fvRQMqMti%2b8h0JTcVVW7B4R2frcehb3r%2fobDjI10X8%3d&risl=&pid=ImgRaw&r=0",
                "price": "$7,452",
                "beds": "2 Beds",
                "bath": "1 Bath",
                "Wi-Fi": "Wi-Fi",
                "shuttle": "Shuttle"
            },
            {
                "name": "RK Hotels",
                "address": "450 Vine St #310, peru",
                "image": "https://th.bing.com/th/id/R.eb08038c6cfb95ba5102da7867a1d9c4?rik=vNM1D0G%2bpd9Yiw&riu=http%3a%2f%2fwww.magiholidays.com.au%2fwp-content%2fuploads%2f2016%2f08%2fmaldives.jpg&ehk=3fvRQMqMti%2b8h0JTcVVW7B4R2frcehb3r%2fobDjI10X8%3d&risl=&pid=ImgRaw&r=0",
                "price": "$7,452",
                "beds": "2 Beds",
                "bath": "1 Bath",
                "Wi-Fi": "Wi-Fi",
                "shuttle": "Shuttle"
            }
        ]
    },
    "blog": {
        "blogTitle": "Our best Blog?",
        "blogInfo": "An insight the incredible experience in the world",
        "blogDetails": [
            {
                "img": "https://th.bing.com/th/id/R.eb08038c6cfb95ba5102da7867a1d9c4?rik=vNM1D0G%2bpd9Yiw&riu=http%3a%2f%2fwww.magiholidays.com.au%2fwp-content%2fuploads%2f2016%2f08%2fmaldives.jpg&ehk=3fvRQMqMti%2b8h0JTcVVW7B4R2frcehb3r%2fobDjI10X8%3d&risl=&pid=ImgRaw&r=0",
                "descHead": "Beautiful Morocco, let us travel!",
                "descInfo": "Morocco is a country in the Maghreb region of North Africa. It has a rich and diverse culture of Arab, Berber, African and European influences. The country has a Mediterranean and Atlantic coastline,and a diverse geography of mountains, deserts and plains. It is the largest country in the Maghreb by area and the second-largest by population. The capital of Morocco is Rabat, and its largest city is Casablanca."
            },
            {
                "img": "https://th.bing.com/th/id/R.eb08038c6cfb95ba5102da7867a1d9c4?rik=vNM1D0G%2bpd9Yiw&riu=http%3a%2f%2fwww.magiholidays.com.au%2fwp-content%2fuploads%2f2016%2f08%2fmaldives.jpg&ehk=3fvRQMqMti%2b8h0JTcVVW7B4R2frcehb3r%2fobDjI10X8%3d&risl=&pid=ImgRaw&r=0",
                "descHead": "Beautiful Morocco,let us travel!",
                "descInfo": "Morocco is a country in the Maghreb region of North Africa. It has a rich and diverse culture of Arab, Berber, African and European influences. The country has a Mediterranean and Atlantic coastline,and a diverse geography of mountains, deserts and plains. It is the largest country in the Maghreb by area and the second-largest by population. The capital of Morocco is Rabat, and its largest city is Casablanca."
            },
            {
                "img": "https://th.bing.com/th/id/R.eb08038c6cfb95ba5102da7867a1d9c4?rik=vNM1D0G%2bpd9Yiw&riu=http%3a%2f%2fwww.magiholidays.com.au%2fwp-content%2fuploads%2f2016%2f08%2fmaldives.jpg&ehk=3fvRQMqMti%2b8h0JTcVVW7B4R2frcehb3r%2fobDjI10X8%3d&risl=&pid=ImgRaw&r=0",
                "descHead": "Beautiful Morocco,let us travel!",
                "descInfo": "Morocco is a country in the Maghreb region of North Africa. It has a rich and diverse culture of Arab, Berber, African and European influences. The country has a Mediterranean and Atlantic coastline,and a diverse geography of mountains, deserts and plains. It is the largest country in the Maghreb by area and the second-largest by population. The capital of Morocco is Rabat, and its largest city is Casablanca."
            },
            {
                "img": "https://th.bing.com/th/id/R.eb08038c6cfb95ba5102da7867a1d9c4?rik=vNM1D0G%2bpd9Yiw&riu=http%3a%2f%2fwww.magiholidays.com.au%2fwp-content%2fuploads%2f2016%2f08%2fmaldives.jpg&ehk=3fvRQMqMti%2b8h0JTcVVW7B4R2frcehb3r%2fobDjI10X8%3d&risl=&pid=ImgRaw&r=0",
                "descHead": "Beautiful Morocco,let us travel!",
                "descInfo": "Morocco is a country in the Maghreb region of North Africa. It has a rich and diverse culture of Arab, Berber, African and European influences. The country has a Mediterranean and Atlantic coastline,and a diverse geography of mountains, deserts and plains. It is the largest country in the Maghreb by area and the second-largest by population. The capital of Morocco is Rabat, and its largest city is Casablanca."
            }
        ]
    },
    "clientReview": [
        {
            "Name": "Karthik D",
            "Review": "I recently went on a trip, and I must say it was an impressive experience. Their knowledgeable staff, hassle-free booking process, and well-curated itinerary exceeded my expectations.",
            "stars": 5,
            "profileImg": "./myprofile.jpg",
            "groupImg": "https://th.bing.com/th/id/OIP.Dm1IWxcbq3jXlaI-4mGdOgHaE7?rs=1&pid=ImgDetMain"
        },
        {
            "Name": "Karthik D",
            "Review": "Very easy to book and price promise was successful and altered invoice immediately.Very Efficient.",
            "stars": 4,
            "profileImg": "./myprofile.jpg",
            "groupImg": "https://th.bing.com/th/id/R.5ae348c4a38e618b8773a0b23b66754c?rik=jj3QXLbeOqOHIg&riu=http%3a%2f%2fhdqwalls.com%2fwallpapers%2fbeach-sunset-evening-4k-u4.jpg&ehk=JplI1oxhwMi35uo4C0Fz11%2bcagDs0pdXB5Dhn8Bd94g%3d&risl=1&pid=ImgRaw&r=0"
        },
        {
            "Name": "Karthik D",
            "Review": "Very competitively priced, easy to use website and everything we were looking for.",
            "stars": 5,
            "profileImg": "./myprofile.jpg",
            "groupImg": "https://www.photographytalk.com/images/articles/2017_6/iStock-503791572.jpg"
        },
        {
            "Name": "Karthik D",
            "Review": "Absolutely fantastic experience with thhis agency! Their attention to detail made our trip seamless and unforgettable. Highly recommended!!",
            "stars": 5,
            "profileImg": "./myprofile.jpg",
            "groupImg": "https://wallpaperaccess.com/full/338765.jpg"
        },
        {
            "Name": "Karthik D",
            "Review": "The team went above and beyond to accommodate our preferences and create a tailor-made itinerary. A five-star service!",
            "stars": 4,
            "profileImg": "./myprofile.jpg",
            "groupImg": "https://th.bing.com/th/id/R.f564cc8589f68be4690adc7a35f36da0?rik=%2b3PPs5qdMVpHhg&riu=http%3a%2f%2fwww.pixelstalk.net%2fwp-content%2fuploads%2f2016%2f03%2fSunset-wallpaper-desktop.jpg&ehk=9v%2b%2fyX708Qq6bSvK8rs5oqPPFk0wCOBUq%2fCpW6ELKcA%3d&risl=1&pid=ImgRaw&r=0"
        },
        {
            "Name": "Karthik D",
            "Review": "I've traveled extensively, and this agency stands out for their exceptional customer service and expertise. They turned our trip into a dream vacation!",
            "stars": 5,
            "profileImg": "./myprofile.jpg",
            "groupImg": "https://th.bing.com/th/id/R.195fcd8a7a2171e72cfb09df8c82204a?rik=JEnEi2nNfwf5sA&riu=http%3a%2f%2fhdqwalls.com%2fwallpapers%2fsunset-beach-cp.jpg&ehk=6yg0sCNVC4Q2s8xrrgXZ5XIvJLpmkRc1eEBq%2bAk%2fUPE%3d&risl=&pid=ImgRaw&r=0"
        },
        {
            "Name": "Karthik D",
            "Review": "From start to finish, working with Trippy was a pleasure. Professional, knowledgeable and dedicated to making our trip perfect.",
            "stars": 4,
            "profileImg": "./myprofile.jpg",
            "groupImg": "https://www.shesonthego.com/wp-content/uploads/2018/07/sunsetpier.jpg"
        },
        {
            "Name": "Karthik D",
            "Review": "Impressive knowledge of destinations and a keen understanding of what travellers want. Thanks to them, our trip exceeded all expectations!!",
            "stars": 5,
            "profileImg": "./myprofile.jpg",
            "groupImg": "https://wallpapercave.com/wp/2R6cMCr.jpg"
        },
        {
            "Name": "Karthik D",
            "Review": "Thier personalized approach and willingness to cater to our needs made our vacation unforgettable. We'll definitely be booking through them again!!",
            "stars": 5,
            "profileImg": "./myprofile.jpg",
            "groupImg": "https://th.bing.com/th/id/OIP.U5bi985e8B47Gg_Aibl7GwHaE7?rs=1&pid=ImgDetMain"
        },
        {
            "Name": "Karthik D",
            "Review": "Kudos to the team for their prompt responses and meticulous planning. Our trip was seamless and we felt incredibly well taken care of.",
            "stars": 4,
            "profileImg": "./myprofile.jpg",
            "groupImg": "https://th.bing.com/th/id/OIP.U5bi985e8B47Gg_Aibl7GwHaE7?rs=1&pid=ImgDetMain"
        },
        {
            "Name": "Karthik D",
            "Review": "A big thank you to Trippy for making our trip stress-free and memorable. Thier recommendations were spot on!",
            "stars": 5,
            "profileImg": "./myprofile.jpg",
            "groupImg": "https://th.bing.com/th/id/OIP.U5bi985e8B47Gg_Aibl7GwHaE7?rs=1&pid=ImgDetMain"
        },
        {
            "Name": "Karthik D",
            "Review": "Highly impressed by the attention to detail and the effort put into ensuring everything went smoothly. I can't recommend them enough!",
            "stars": 5,
            "profileImg": "./myprofile.jpg",
            "groupImg": "https://th.bing.com/th/id/OIP.U5bi985e8B47Gg_Aibl7GwHaE7?rs=1&pid=ImgDetMain"
        },
        {
            "Name": "Karthik D",
            "Review": "Exceptional service from a team that truly cares about their clients. We had an amazing trip to Europe thanks to their expertize and dedication.",
            "stars": 4,
            "profileImg": "./myprofile.jpg",
            "groupImg": "https://th.bing.com/th/id/OIP.U5bi985e8B47Gg_Aibl7GwHaE7?rs=1&pid=ImgDetMain"
        },
        {
            "Name": "Karthik D",
            "Review": "While the overall experience was good, more communication before the trip would have been appreciated to clarify some details.",
            "stars": 3,
            "profileImg": "./myprofile.jpg",
            "groupImg": "https://th.bing.com/th/id/OIP.U5bi985e8B47Gg_Aibl7GwHaE7?rs=1&pid=ImgDetMain"
        },
        {
            "Name": "Karthik D",
            "Review": "The itinerary was well planned, but having more options for off-beaten-path experiences could add value to your packages.",
            "stars": 3,
            "profileImg": "./myprofile.jpg",
            "groupImg": "https://th.bing.com/th/id/OIP.U5bi985e8B47Gg_Aibl7GwHaE7?rs=1&pid=ImgDetMain"
        },
        {
            "Name": "Karthik D",
            "Review": "The booking process was smooth, but it would be great to have more user-friendly interface for selecting custom preferences online.",
            "stars": 3,
            "profileImg": "./myprofile.jpg",
            "groupImg": "https://th.bing.com/th/id/OIP.U5bi985e8B47Gg_Aibl7GwHaE7?rs=1&pid=ImgDetMain"
        },
        {
            "Name": "Karthik D",
            "Review": "The trip was enjoyable, yet providing a mobile app or online platform for easy access to travel documents and real-time updates would be convenient.",
            "stars": 3,
            "profileImg": "./myprofile.jpg",
            "groupImg": "https://th.bing.com/th/id/OIP.U5bi985e8B47Gg_Aibl7GwHaE7?rs=1&pid=ImgDetMain"
        },
        {
            "Name": "Karthik D",
            "Review": "Though the customer service was good, having extended support hours or a dedicated emergency contact during travel could benhance peace of mind.",
            "stars": 3,
            "profileImg": "./myprofile.jpg",
            "groupImg": "https://th.bing.com/th/id/OIP.U5bi985e8B47Gg_Aibl7GwHaE7?rs=1&pid=ImgDetMain"
        },
        {
            "Name": "Karthik D",
            "Review": "While the overall package was great, offering more flexible payment plans or discounts for repeat customers could incentivize loyalty.",
            "stars": 3,
            "profileImg": "./myprofile.jpg",
            "groupImg": "https://th.bing.com/th/id/OIP.U5bi985e8B47Gg_Aibl7GwHaE7?rs=1&pid=ImgDetMain"
        },
        {
            "Name": "Karthik D",
            "Review": "The guides were knowledgeable, but encouraging them to engage more with travelers and share personal insights about the destinations would be great.",
            "stars": 3,
            "profileImg": "./myprofile.jpg",
            "groupImg": "https://wallpapercave.com/wp/wp5582517.jpg"
        }
    ],
    "Destination": {
        "title": "Search Your Dream Destination",
        "desc": "Fill in the fields below to find the best spot",
        "desc_type": [
            "All",
            "Beach",
            "Lake Park",
            "Nature",
            "City",
            "Mountain",
            "Historical"
        ],
        "places": [
            {
                "country": "India",
                "place": "The Taj Mahal",
                "rating": 4.8,
                "type": "Historical",
                "desc": "The Taj Mahal is one of the seven wonders of the world and is considered to be the most popular tourist attraction in India. A symbol of love, the Taj was built by Mughal Emperor Shah Jahan for his queen Mumtaz. Tagore described the Taj as a 'teardrop on the cheek of eternity'. The monument attracts a lot of tourists all around the year.",
                "Img": "https://th.bing.com/th/id/OIP.RsYkXaw4FwyZjM_x8iK0-wHaFj?rs=1&pid=ImgDetMain",
                "hotels": [
                    {
                        "place": "The Oberoi Amarvilas",
                        "Img": "https://149827848.v2.pressablecdn.com/wp-content/uploads/2022/06/amarvilas1.jpg",
                        "Rating": 4.8,
                        "Avg-Cost": "60,000"
                    },
                    {
                        "place": "Hotel Pratap",
                        "Img": "https://dynamic-media-cdn.tripadvisor.com/media/photo-o/18/6e/4e/71/getlstd-property-photo.jpg?w=600&h=-1&s=1",
                        "Rating": 3.9,
                        "Avg-Cost": "5,000"
                    },
                    {
                        "place": "Hotel Atulyaa Taj",
                        "Img": "https://i.travelapi.com/lodging/8000000/7840000/7835800/7835798/c668b4d6_z.jpg",
                        "Rating": 4.0,
                        "Avg-Cost": "10,000"
                    },
                    {
                        "place": "Tajview, Agra - IHCL SeleQtions",
                        "Img": "http://www.cfmedia.vfmleonardo.com/imageRepo/1/0/27/648/715/Facade_P.jpg",
                        "Rating": 4.4,
                        "Avg-Cost": "22,000"
                    },
                    {
                        "place": "Howard Plaza The Fern",
                        "Img": "http://www.cfmedia.vfmleonardo.com/imageRepo/1/0/34/211/369/_AKP3378_P.jpg",
                        "Rating": 4.2,
                        "Avg-Cost": "15,000"
                    }
                ]
            },
            {
                "country": "India",
                "place": "Golden Temple",
                "rating": 4.7,
                "type": "Historical",
                "desc": "Tangibly the most spiritual place in India, Golden Temple, also known as Sri Harmindar Sahib, is the holiest shrine in Sikhism which is alive with religious fervour and sacredness. Although the Golden Temple itself is of great historical and architectural interest, it is the view of the resplendent shrine, glistening in the centre of the tank, bringing an infinite calmness that is most memorable to a visitor.",
                "Img": "https://www.holidify.com/images/cmsuploads/compressed/shutterstock_479585620_20191024174904.jpg",
                "hotels": [
                    {
                        "place": "Hotel Grand Cabbana By LevelUp Hotels & Resorts",
                        "Img": "https://q-xx.bstatic.com/xdata/images/hotel/max1280x900/401151586.jpg?k=1850060a0193b464ca7abf3e30372b50c45ff526b0a17f73b1b1ef9ae6bd370c&o=",
                        "Rating": 4.0,
                        "Avg-Cost": "2,500"
                    },
                    {
                        "place": "Sawera Grand",
                        "Img": "https://q-xx.bstatic.com/xdata/images/hotel/max1280x900/388510430.jpg?k=6749aeb191656068d40a7c5ed0c490d70a9903b4a2e982964f269e3b6cba15bc&o=",
                        "Rating": 4.2,
                        "Avg-Cost": "3,500"
                    },
                    {
                        "place": "Regenta Central",
                        "Img": "https://media-cdn.tripadvisor.com/media/photo-s/0b/86/9a/a5/hotel-facade.jpg",
                        "Rating": 4.9,
                        "Avg-Cost": "7,000"
                    }
                ]
            },
            {
                "country": "India",
                "place": "The Red Fort",
                "rating": 4.5,
                "type": "Historical",
                "desc": "The Red Fort is a historical tourist attraction in India in the national capital of New Delhi. Located in the center of the city, it was the main residence of the emperors of the Mughal dynasty. It was constructed by Shah Jahan in the year 1939 as a result of a capital shift from Agra to Delhi.",
                "Img": "https://holidify.com/images/attr_wiki/compressed/attr_wiki_38.jpg",
                "hotels": [
                    {
                        "place": "Godwin Hotels",
                        "Img": "https://i.travelapi.com/lodging/4000000/3940000/3934400/3934328/bf3bd795_z.jpg",
                        "Rating": 3.9,
                        "Avg-Cost": "2,500"
                    },
                    {
                        "place": "The Park New Delhi",
                        "Img": "https://www.theparkhotels.com/images/site-specific/navi-mumbai/home/navi-mumbai-night-view.jpg",
                        "Rating": 4.2,
                        "Avg-Cost": "8,000"
                    },
                    {
                        "place": "The Lodhi",
                        "Img": "https://www.greatsmallhotels.com/photos/57898_the-lodhi_.jpg",
                        "Rating": 4.6,
                        "Avg-Cost": "22,000"
                    },
                    {
                        "place": "The Imperial",
                        "Img": "https://q-xx.bstatic.com/xdata/images/hotel/max1280x900/64758896.jpg?k=0bc582bc999d95252459f934c8d06fce64769be4a4f96be2815708ce309c234c&o=",
                        "Rating": 4.7,
                        "Avg-Cost": "25,000"
                    }
                ]
            },
            {
                "country": "India",
                "place": "Mysore Palace",
                "rating": 4.7,
                "type": "Historical",
                "desc": "Mysore Palace An incredibly breathtaking example of Indo Saracenic style of architecture, the Mysore Palace is a magnificent edifice located in Mysore in the state of Karnataka. Also known as the Amba Vilas Palace, it is the former palace of the royal family of Mysore and is still their official residence.",
                "Img": "https://www.holidify.com/images/attr_square/2954.jpg",
                "hotels": [
                    {
                        "place": "Radisson Blu Plaza Hotel, Mysore",
                        "Img": "https://a.mktgcdn.com/p/obnIIHzr00Rm0kl_oYf-6S0LrMqCeFrt8lmqWafB_Gk/3839x2559.jpg"
                    },
                    {
                        "place": "Ginger Mysore",
                        "Img": "https://q-xx.bstatic.com/xdata/images/hotel/max1024x768/47782076.jpg?k=7584d6be74bc7ab00432734e852c3e73af227ec3f1de9f19c0bbeb29bb1058db&o="
                    },
                    {
                        "place": "Hotel Lok Sagar",
                        "Img": "https://i.travelapi.com/hotels/24000000/23940000/23938500/23938493/7abc018d_z.jpg"
                    },
                    {
                        "place": "Sandesh The Prince",
                        "Img": "https://media.hrs.com/media/image/31/40/b2/Sandesh_the_Prince-Mysore-Hotel_outdoor_area-217877_600x600.jpg"
                    },
                    {
                        "place": "Hotel Southern Star Mysuru",
                        "Img": "https://i.travelapi.com/lodging/1000000/10000/3400/3385/94458451_z.jpg"
                    }
                ]
            },
            {
                "country": "India",
                "place": "Amber Fort",
                "rating": 4.6,
                "type": "Historical",
                "desc": "Cradled on the top of the Aravali Hill and forming a beautiful reflection across the Maotha Lake, lies the Amber Fort. An architectural masterpiece and with significant reference in the Indian history, it is visited by over five thousand tourists daily. Only eleven kilometres away from the capital city of Jaipur, Amber Fort is clad in pink and yellow sandstone and is a part of an extensive complex.",
                "Img": "https://www.holidify.com/images/cmsuploads/compressed/Amer-Fort_20220106125351.jpg",
                "hotels": [
                    {
                        "place": "Umaid Residency - A Regal Heritage Home",
                        "Img": "https://i.travelapi.com/lodging/8000000/7500000/7495500/7495463/b421ebad_z.jpg"
                    },
                    {
                        "place": "Hotel Amer View",
                        "Img": "https://q-xx.bstatic.com/xdata/images/hotel/max1280x900/101039565.jpg?k=f3bb3fdbdf472f989af740adceedf39cd085ebb2bb118677a4dc2dbfe1723ea0&o="
                    },
                    {
                        "place": "Amer Valley",
                        "Img": "https://m.weddingz.in/wedz-img/images/bac2777cc8ea6d26cb72a488243a5b62/park-regis-park-regis.jpg?imwidth=300"
                    },
                    {
                        "place": "Trident Jaipur",
                        "Img": "https://q-xx.bstatic.com/xdata/images/hotel/max1280x900/32617580.jpg?k=e26294a2cfbc4aa416f1118f7986fbd3060c6cf54b9f589df44a5f247cb0a90b&o="
                    }
                ]
            },
            {
                "country": "India",
                "place": "Baga Beach",
                "rating": 4.5,
                "type": "Beach",
                "desc": "Goa a tiny state on the western coast of India along the Arabian Sea, is famous for its laidback beaches, night long parties, beach shacks, water sports and many other adventure activities. One of the most visited tourist attractions in India, Goa has many beaches along its beautiful coastline, catering to millions of visitors every year.",
                "Img": "https://www.holidify.com/images/bgImages/GOA.jpg",
                "hotels": [
                    {
                        "place": "Kyriad Prestige Calangute Goa by OTHPL",
                        "Img": "https://q-xx.bstatic.com/xdata/images/hotel/max1280x900/202993107.jpg?k=cb10aae3ce523377c8e4fa2e8ce444d4a10d9a7f70d385b98d7fbc4cda51b0e9&o="
                    },
                    {
                        "place": "Acron Waterfront Resort",
                        "Img": "https://cdn0.weddingwire.in/vendor/8936/3_2/960/jpg/22282073-1080633492040137-5856632465356605451-n_15_78936.webp"
                    },
                    {
                        "place": "DoubleTree by Hilton Hotel Goa - Arpora - Baga",
                        "Img": "https://im.whatshot.in/img/2020/Jul/maxresdefault-1594906339.jpg"
                    },
                    {
                        "place": "Resort Rio, Goa",
                        "Img": "https://q-xx.bstatic.com/xdata/images/hotel/max1280x900/94162918.jpg?k=2fd5032751981a332ef9288f34be55ada020c9387abe8fd250d5167983e84e60&o="
                    },
                    {
                        "place": "Paparazzi Resort",
                        "Img": "https://i.travelapi.com/lodging/12000000/11530000/11529100/11529092/b1ee4d1f_z.jpg"
                    }
                ]
            },
            {
                "country": "Italy",
                "place": "Colosseum",
                "rating": 4.5,
                "type": "Historical",
                "desc": "For travelers making their way through Italy, the Colosseum is a must see. This huge Amphitheater is the largest of its kind ever built by the Roman Empire and has remained a model for sports facilities right up to modern times.",
                "Img": "https://media.vietravel.com/images/NewsPicture/Colosseum.jpg",
                "hotels": [
                    {
                        "place": "Mercure Roma Centro Colosseo",
                        "Img": "http://www.cfmedia.vfmleonardo.com/imageRepo/5/0/89/577/470/2909_ho_04_p_3000x2250_S.jpg"
                    },
                    {
                        "place": "Hotel Centro Cavour Roma",
                        "Img": "https://q-xx.bstatic.com/xdata/images/hotel/max1280x900/45069050.jpg?k=de3dba8c70413e9cbc50ba7f0d5730efbd201025761f593366c97d322b686635&o="
                    },
                    {
                        "place": "Hotel Majestic Roma",
                        "Img": "https://hotelmajestic.com/app/uploads/2018/06/FacciataNotte-1024x683.jpg"
                    },
                    {
                        "place": "Hotel Diocleziano",
                        "Img": "https://q-xx.bstatic.com/xdata/images/hotel/max500/74502213.jpg?k=1a6c8f4cabe03f6b7894d6b4839eb01e7f6c6abb49d75ffe6c76cc399bf91a05&o="
                    },
                    {
                        "place": "Hotel Grifo",
                        "Img": "https://media-cdn.tripadvisor.com/media/photo-s/20/33/62/c6/hotel-grifo.jpg"
                    }
                ]
            },
            {
                "country": "Italy",
                "place": "VENICE CANALS",
                "rating": 4.8,
                "type": "Lake Park",
                "desc": "A gondola ride through the canals of Venice is a tradition that travelers have been participating in for centuries. Venice is a city of islands and the canals have long been, in many ways, the city's streets. Lining the canals are the old buildings which have remained relatively unchanged for hundreds of years, adding to the romantic charm. The Grand Canal is the most famous of these waterways and one of the most photographed sites in Venice.",
                "Img": "https://media.vietravel.com/images/NewsPicture/Venice-Canals.jpg",
                "hotels": [
                    {
                        "place": "Rome Cavalieri, A Waldorf Astoria Hotel",
                        "Img": "https://bing.com/th?id=OLC.M1J%2fUO%2fRS3MAnA480x360&w=500&h=350&p=0"
                    },
                    {
                        "place": "Canal Grande",
                        "Img": "https://i.travelapi.com/lodging/3000000/2930000/2921400/2921301/970ea3b2_z.jpg"
                    },
                    {
                        "place": "Hotel Carlton On The Grand Canal",
                        "Img": "https://q-xx.bstatic.com/xdata/images/hotel/max1280x900/86632178.jpg?k=4a350a14c1d4149265c4fd6cf2badff05ff2abcd0a90c0fe9fd547abdb07f26b&o="
                    },
                    {
                        "place": "BW Premier Collection CHC Continental",
                        "Img": "https://q-xx.bstatic.com/xdata/images/hotel/max1024x768/163768902.jpg?k=61c834de0aeb1e047fce4bd066002b481e45e0e16fa10c680b6a12ae0bd85c99&o="
                    },
                    {
                        "place": "Palazzetto Madonna",
                        "Img": "https://q-xx.bstatic.com/xdata/images/hotel/max1024x720/19817988.jpg?k=a3fd5b4d43cf6a9f91c3d32fa9a8e8fbf9c9015a9940a7027bd4d37d0c4da85a&o="
                    }
                ]
            },
            {
                "country": "Italy",
                "place": "POMPEII",
                "rating": 4.3,
                "type": "Historical",
                "desc": "Below the rumbling volcano of Mt Vesuvius stand the ruins of Pompeii, an ancient Roman city preserved in time by the eruption in A.D. 79. Excavations have revealed the remains of houses, markets, baths, temples, theaters, streets scarred by the tracks of chariots, and human remains. Visitors can tour the site, walk along the old streets, and see the engineering used by Romans over 2000 years ago.",
                "Img": "https://media.vietravel.com/images/NewsPicture/Pompeii_2.jpg",
                "hotels": [
                    {
                        "place": "Hotel Diana",
                        "Img": "https://q-xx.bstatic.com/xdata/images/hotel/max1024x720/19380448.jpg?k=ab3f89c0bdfb00b2cf00f690e8051386f4cfd79c472da045d1b8c58f7558679d&o="
                    },
                    {
                        "place": "Hotel del Sole",
                        "Img": "https://hotel-del-sole-pompei.hotelmix.it/data/Photos/OriginalPhoto/7687/768751/768751273/Hotel-Del-Sole-Pompei-Exterior.JPEG"
                    },
                    {
                        "place": "Hotel Miramare Stabia",
                        "Img": "https://img.restaurantguru.com/r8a7-Terrazza-Mirari-facade.jpg"
                    },
                    {
                        "place": "Hotel Degli Amici",
                        "Img": "https://media-cdn.tripadvisor.com/media/photo-o/07/c8/36/cf/hotel-degli-amici.jpg"
                    },
                    {
                        "place": "Caruso, A Belmond Hotel, Amalfi Coast",
                        "Img": "https://d1rioy1v9s51jr.cloudfront.net/pics/21341/450x270/belmond-hotel-caruso_58fe7f83072b4.jpg"
                    }
                ]
            },
            {
                "country": "Italy",
                "place": "LEANING TOWER OF PISA",
                "rating": 4.4,
                "type": "Historical",
                "desc": "The Leaning Tower of Pisa is actually just one of many attractions in the city of Pisa, but its fame, gained from its flaw, is world renown. Work began on the tower in the 1100s and the sinking, which led to the lean, began by the time the tower reached the third story. Prior to restoration work in the 1990s, it was predicted to topple over by the year 2000. Today, visitors can climb up the stairs of the tower for a fabulous view over the city. The Leaning Tower, also known as La Torre Pendete, stands on the Piazza del Duomo.",
                "Img": "https://media.vietravel.com/images/NewsPicture/Leaning-Tower-of-Pisa.jpg",
                "hotels": [
                    {
                        "place": "Grand Hotel Bonanno",
                        "Img": "http://images.trvl-media.com/hotels/2000000/1400000/1391600/1391564/272c4d9d_z.jpg"
                    },
                    {
                        "place": "B&B IL TOSCANO",
                        "Img": "https://i.travelapi.com/hotels/21000000/20420000/20418100/20418056/ddf5b9b5_z.jpg"
                    },
                    {
                        "place": "Hotel Bologna",
                        "Img": "https://q-xx.bstatic.com/xdata/images/hotel/840x460/67271731.jpg?k=c3d21411a38a44abe2fb3e3d54ee83cf4dc31b1c5ec7f4fea8c4b30533842318&o="
                    },
                    {
                        "place": "Hotel Alessandro Della Spina",
                        "Img": "https://q-xx.bstatic.com/xdata/images/hotel/max1280x900/226748252.jpg?k=5fc4051806a3afd55497a378256a79f80a142ee7bdbc72b7ab875b5a50d8f476&o="
                    },
                    {
                        "place": "Hotel Villa Kinzica",
                        "Img": "https://q-xx.bstatic.com/xdata/images/hotel/max1280x900/43827413.jpg?k=a87d61776d70165070b82a3290f01d1f483f536506ddd20e1549a0d2d989a57c&o="
                    }
                ]
            },
            {
                "country": "Italy",
                "place": "LAKE COMO",
                "rating": 4.2,
                "type": "Lake Park",
                "desc": " Lake Como is one of Italy's most scenic areas, surrounded by mountains and lined by small picturesque towns. Traditionally a haunt of the wealthy, the lake has many old opulent villas and palaces. Around the lake are resort communities and an 1hth century abbey. The mild climate is also a draw for tourists, with characteristics similar to that of the Mediterranean.",
                "Img": "https://media.vietravel.com/images/NewsPicture/Lake-Como_1.jpg",
                "hotels": [
                    {
                        "place": "Hotel du Lac Varenna",
                        "Img": "https://q-xx.bstatic.com/xdata/images/hotel/840x460/99155100.jpg?k=15c245bca1025a7c487c99a1366d5695be4e0ce1ed706950198b616b7c1d5072&amp;o="
                    },
                    {
                        "place": "Grand Hotel Menaggio",
                        "Img": "https://q-xx.bstatic.com/xdata/images/hotel/max1024x768/145674064.jpg?k=5df1cbbfa20c3196c361d7b9e58cc9c40901eab8d68f69fcd92e977eafdcb5d7&o="
                    },
                    {
                        "place": "Hotel Garni Corona",
                        "Img": "https://garni-corona-hotel-menaggio.booked.net/data/Photos/OriginalPhoto/10055/1005544/1005544255/Hotel-Garni-Corona-Menaggio-Exterior.JPEG"
                    },
                    {
                        "place": "Hotel Sonenga",
                        "Img": "https://q-xx.bstatic.com/xdata/images/hotel/max1024x720/66422166.jpg?k=b0be4cdd3c39486b3496e42261a4b6970e817a300e3a4bc90c4aeb346f1ffebc&o="
                    },
                    {
                        "place": "Hotel Metropole Bellagio",
                        "Img": "https://q-xx.bstatic.com/xdata/images/hotel/max1024x768/134937538.jpg?k=75c6e211fc960f9c5b74dca91ed61fe9303af4822aa1d735e8d04900a12af3e6&o="
                    }
                ]
            },
            {
                "country": "France",
                "place": "Disneyland",
                "rating": 4.7,
                "type": "Lake Park",
                "desc": "In 2022, the famous amusement park welcomed more than 15 million visitors, making it the most visited attraction in France. According to the Atout France report, Disneyland Paris attracts as many French tourists as foreigners each year. Its iconic attractions, such as Space Mountain, the Magic Carpets or the Tower of Terror, along with the themed restaurants, grandiose hotels and souvenir shops delight young and old alike.",
                "Img": "https://assets.architecturaldigest.in/photos/6225c22898dec323c94b61b2/16:9/w_1920,c_limit/Disney%20Sleeping%20Beauty.jpg",
                "hotels": [
                    {
                        "place": "Disney's Grand Californian Hotel & Spa",
                        "Img": "https://images.reservationcounter.com/hotel/5fe1b5b/77811122/0/500x500"
                    },
                    {
                        "place": "Best Western Plus Anaheim Inn",
                        "Img": "https://dynamic-media-cdn.tripadvisor.com/media/photo-o/23/41/f0/29/exterior.jpg?w=1100&h=-1&s=1"
                    },
                    {
                        "place": "Anaheim Desert Inn and Suites",
                        "Img": "https://a.mktgcdn.com/p/ytyYS5HMRJ090Lr3Pizgdc2v6hY07sQeghOHYb0L96A/1000x667.jpg"
                    },
                    {
                        "place": "Tropicana Inn & Suites",
                        "Img": "https://tropicanainn-anaheim.com/wp-content/uploads/2017/06/HomeSlider_UpdatedPool.jpg"
                    },
                    {
                        "place": "Disneyland Hotel",
                        "Img": "https://disneyland-hotel-anaheim.booked.mx/data/Photos/OriginalPhoto/7026/702657/702657391/Disneyland-Hotel-Anaheim-Exterior.JPEG"
                    }
                ]
            },
            {
                "country": "France",
                "place": "The Louvre Museum",
                "rating": 4.4,
                "type": "Historical",
                "desc": "The Louvre Museum was the second most visited site in France with 7.8 million visitors. Unlike Disneyland Paris, the study revealed that 70% of the museum's visitors are foreigners, mainly European and American. With more than 400 exhibition halls, artwork and artifacts cover a geographical area ranging from Western Europe to East Asia and Greece. Housed in the former residence of the kings of France, the Louvre has some of the most beautiful paintings in the world, such as the Mona Lisa, The Coronation of Napoleon and The Raft of the Medusa.",
                "Img": "https://www.en-vols.com/wp-content/uploads/afmm/2022/06/alice-mindru-7HcVtKZwgTs-unsplash.jpg",
                "hotels": [
                    {
                        "place": "Hôtel du Louvre, in The Unbound Collection by Hyatt",
                        "Img": "https://q-xx.bstatic.com/xdata/images/hotel/max1280x900/442029664.jpg?k=035b6aa0f36256ee28d530dd8c00d8a06f200b104d06e3376eefa29d3ad3e3e7&o="
                    },
                    {
                        "place": "Hotel Louvre Bons Enfants",
                        "Img": "https://i.travelapi.com/lodging/3000000/2550000/2543400/2543392/6bb971c1_z.jpg"
                    },
                    {
                        "place": "Hotel Malte - Astotel",
                        "Img": "https://bing.com/th?id=OLC.kBARM9xtm8jpdw480x360&w=2880&h=2363&p=0"
                    },
                    {
                        "place": "Hotel Saint Honore 85",
                        "Img": "https://q-xx.bstatic.com/xdata/images/hotel/max1024x768/124747875.jpg?k=a05cc436b082acd979c6a52f809388915da4377929c6314903b4429a391be0a9&o="
                    }
                ]
            },
            {
                "country": "France",
                "place": "The Palace of Versailles",
                "rating": 4.5,
                "type": "Historical",
                "desc": "In 2022, more than 7 million tourists walked the Hall of Mirrors, discovered the King's Apartment and visited the sublime gardens at the Palace of Versailles. This site, just twenty kilometres southwest of Paris, is classified as a World Heritage Site and testifies to the ambition of Louis XIV, nickplaced 'Louis the Great' or 'the Sun King.' This palace is still the symbol of the political, economic and cultural power of 17th century France.",
                "Img": "https://i.natgeofe.com/n/5f01634d-6d3c-49a8-beb4-75283b26e411/Versailles_p262_2x1.jpg",
                "hotels": [
                    {
                        "place": "Hôtel Le Versailles",
                        "Img": "https://q-xx.bstatic.com/xdata/images/hotel/max1280x900/102658676.jpg?k=c43928e03efde7762ed9bc2c2ae600caec0baef8c66728ec97cc46ba8fb31c5c&o="
                    },
                    {
                        "place": "Hôtel du Jeu de Paume",
                        "Img": "https://q-xx.bstatic.com/xdata/images/hotel/max1280x900/329996118.jpg?k=e08bb96188c0610c3208d05398d969fae74b7c6332f1e162309c5f72f5a572f1&o="
                    },
                    {
                        "place": "Hôtel la Residence Du Berry",
                        "Img": "https://www.pagesjaunes.fr/media/agc/43/37/98/00/00/00/bd/89/89/18/62a6433798000000bd898918/62a6433798000000bd898919.jpg"
                    },
                    {
                        "place": "Hôtel du Cheval Rouge",
                        "Img": "https://q-xx.bstatic.com/xdata/images/hotel/max1280x900/52671906.jpg?k=82b69d79968470dc92162624b750e40c33f4202f7c38a4f4520c5b5e53bbe028&o="
                    },
                    {
                        "place": "Mercure Versailles Chateau",
                        "Img": "https://bing.com/th?id=OLC.uA8Woeqr%2flj3cw480x360&w=2880&h=2160&p=0"
                    }
                ]
            },
            {
                "country": "France",
                "place": "The Eiffel Tower Paris",
                "rating": 4.6,
                "type": "Historical",
                "desc": "The Eiffel Tower is inextricably linked to both France and the city of Paris, and attracted 5.9 million visitors in 2022. The 'Iron Lady' offers a unique view of the French capital standing at 324 metres tall. That 360° view allows you to admire the Pantheon, Montparnasse Tower, Montmartre, the Seine, and more.",
                "Img": "https://www.en-vols.com/wp-content/uploads/afmm/2022/11/shutterstock_292198808-1.jpg",
                "hotels": [
                    {
                        "place": "Pullman Paris Tour Eiffel",
                        "Img": "http://www.cfmedia.vfmleonardo.com/imageRepo/7/0/134/628/661/7229_aduniq4_00_p_346x260_P.jpg"
                    },
                    {
                        "place": "Hotel Eiffel Seine",
                        "Img": "https://media.hrs.com/media/image/ab/c6/8b/Eiffel_Kennedy-Paris-Aussenansicht-6-44680_600x600.jpg"
                    },
                    {
                        "place": "Hôtel le Derby Alma by Inwood Hotels",
                        "Img": "https://q-xx.bstatic.com/xdata/images/hotel/max1280x900/19308825.jpg?k=7d58faa2907f911ba1e03a15520f37121f927d4ae2d65b199708a9e2def87286&o="
                    },
                    {
                        "place": "Hôtel de Varenne",
                        "Img": "https://bing.com/th?id=OLC.flit2NhgSM6CJw480x360&w=312&h=213&p=0"
                    },
                    {
                        "place": "Le Parisis - Paris Tour Eiffel",
                        "Img": "https://www.pagesjaunes.fr/media/ugc/grenelle_suffren_07505600_195303867?w=768&h=1024"
                    }
                ]
            },
            {
                "country": "France",
                "place": "The Centre Pompidou",
                "rating": 4.5,
                "type": "Historical",
                "desc": "The National Museum of Modern Art welcomed 5.4 million French and foreign tourists in 2022. More than 100,000 works of art are spread across roughly 28,000 m2, attracting art enthusiasts every year. The Centre national d'art et de culture Georges Pompidou, or simply the Centre Pompidou, is constantly reinventing itself through retrospectives, such as the Germaine Richier exhibit, or by adding new forms of artistic creation, such as NFTs.",
                "Img": "https://babylontours.com/wp-content/uploads/2020/06/centre-pompidou-paris-private-museum-tour.jpg",
                "hotels": [
                    {
                        "place": "Novotel Paris Les Halles",
                        "Img": "https://cimages1.touristlink.com/data/cache/hotels/RT/NVHAL/novotel-paris-les-halles-exterior-4-300_300_225.jpg"
                    },
                    {
                        "place": "Hôtel Beaubourg",
                        "Img": "https://q-xx.bstatic.com/xdata/images/hotel/max1024x768/14714155.jpg?k=043d4670d18bf678e180bdc991a32b9b48ba1d474577fe2e39bfc99be195a05c&o="
                    },
                    {
                        "place": "Hôtel Duo",
                        "Img": "http://www.cfmedia.vfmleonardo.com/imageRepo/4/0/82/190/869/24337_Exterior_S.jpg"
                    },
                    {
                        "place": "Hotel Design Sorbonne",
                        "Img": "https://q-xx.bstatic.com/xdata/images/hotel/max1024x720/58662479.jpg?k=189e1a05e058471b9bbd880356bdd0506ea3bfd26506380b789463d99cf9c588&o="
                    }
                ]
            },
            {
                "country": "Japan",
                "place": "Tokyo",
                "rating": 4.5,
                "type": "City",
                "desc": "Tokyo, the capital, is by far one of the most popular travel destinations in Japan. There is so much to see and do, you could spend a week just exploring its city centers of Shinjuku, Shibuya, Ikebukuro, Ueno, and Ginza. Notable attractions include the electronics city of Akihabara, Tokyo Tower, Kaminarimon at Asakusa, and Tokyo Disneyland.",
                "Img": "https://cloudfront-us-east-2.images.arcpublishing.com/reuters/BLFWZ4KFIVLFNIQBGQNYTB7R2E.jpg",
                "hotels": [
                    {
                        "place": "Hotel Sunroute Plaza Shinjuku",
                        "Img": "https://i.travelapi.com/lodging/2000000/1700000/1699500/1699407/997afd2d_z.jpg"
                    },
                    {
                        "place": "Citadines Shinjuku Tokyo",
                        "Img": "https://dom.jtb.co.jp/yado/photo2/LL/4/4016085/40160851300000020.jpg"
                    },
                    {
                        "place": "JR Kyushu Hotel Blossom Shinjuku",
                        "Img": "https://i.travelapi.com/lodging/12000000/11900000/11899900/11899886/f76f4560_z.jpg"
                    },
                    {
                        "place": "Park Hotel Tokyo",
                        "Img": "https://parkhoteltokyo.com/wp-content/uploads/sites/9/2020/03/Martin-Holtkamp_200212_071619_771-800x900.jpg"
                    }
                ]
            },
            {
                "country": "Japan",
                "place": "Osaka",
                "rating": 4.6,
                "type": "City",
                "desc": "Osaka is the commercial center of Japan and famous for its unique culture and foods. Enjoy takoyaki (octopus balls) in the entertainment district of Dotonbori and stroll the shopping streets stretching from Namba to Shinsaibashi. Then head over to Osaka Castle Park for cherry blossom viewing in the spring or the tower to see views of Osaka.",
                "Img": "https://cdn.cheapoguides.com/wp-content/uploads/sites/3/2020/06/osaka-dotonbori-iStock-1138049211-1024x683.jpg",
                "hotels": [
                    {
                        "place": "The Ritz-Carlton Osaka",
                        "Img": "https://q-xx.bstatic.com/xdata/images/hotel/840x460/483252216.jpg?k=9bc9a6434ec4fd12a8807b4b089d07870392ea378ff4bddf8bb262d519f98c44&o="
                    },
                    {
                        "place": "Hearton Hotel Nishi Umeda",
                        "Img": "https://q-xx.bstatic.com/xdata/images/hotel/max500/226605473.jpg?k=1ee6ef633f8ea3fb2593e686ef4f350ba541f4f9bfd43a103f609748b66fbf49&o="
                    },
                    {
                        "place": "Hotel Universal Port",
                        "Img": "https://tblg.k-img.com/restaurant/images/Rvw/200734/3dd4447d484ac1b98d606398d26a8cd0.jpg"
                    },
                    {
                        "place": "Hotel Granvia Osaka",
                        "Img": "https://dv6drgre1bci1.cloudfront.net/files.ranking-deli.jp/hotel/6571/hotel_0_20160318020155.jpg"
                    },
                    {
                        "place": "Hotel Brighton City Osaka Kitahama",
                        "Img": "https://img.travel.rakuten.co.jp/share/HOTEL/70322/70322.jpg"
                    }
                ]
            },
            {
                "country": "Japan",
                "place": "Kyoto",
                "rating": 4.4,
                "type": "Historical",
                "desc": "Kyoto is a must for every visitor to Japan. The streets are lined with ancient temples and traditional architecture to enjoy in this cultural city. Points of interest include Kiyomizu-dera, Kinkaku-ji, Ginkaku-ji and the Gion entertainment district. Just 20 minutes south of Kyoto is Uji, famous for high-quality matcha green tea.",
                "Img": "https://i.natgeofe.com/n/508c82e4-efb5-4273-80ad-dcf1a043e6e6/temple-kyoto-japan.jpg",
                "hotels": [
                    {
                        "place": "Citadines Kyoto Karasuma-Gojo",
                        "Img": "https://cdn.jalan.jp/jalan/images/pict3L/Y4/Y352154/Y352154130.jpg"
                    },
                    {
                        "place": "APA Hotel Kyoto-eki Horikawa-Dori",
                        "Img": "https://i.travelapi.com/hotels/4000000/3900000/3895700/3895687/f03cadef_z.jpg"
                    },
                    {
                        "place": "Solaria Nishitetsu Hotel Kyoto Premier",
                        "Img": "https://nnr-h.com/images/common/img_n-inn_naha.jpg"
                    },
                    {
                        "place": "Sakura Terrace",
                        "Img": "https://q-xx.bstatic.com/xdata/images/hotel/max1280x900/22333129.jpg?k=26cd6558e0bac2b5433e36422bc93d2400ae9c8ebc8444fd818444a184788b5c&o="
                    },
                    {
                        "place": "Kyoto Century Hotel",
                        "Img": "https://i.travelapi.com/hotels/7000000/6460000/6456500/6456413/e5d2b299_z.jpg"
                    }
                ]
            },
            {
                "country": "Japan",
                "place": "Nagoya",
                "rating": 4.6,
                "type": "City",
                "desc": "Nagoya is the fourth largest city and centrally located between Osaka and Tokyo. Attractions include the Toyota Commemorative Museum of Industry and Technology, Nagoya Castle, and the underground shopping walkways in Sakae.",
                "Img": "https://raksotravel.com/Content/img/TourPhoto2020/package_106045_1.jpg?1",
                "hotels": [
                    {
                        "place": "Nagoya Marriott Associa Hotel",
                        "Img": "https://www.associa.com/tyh/ogp.jpg"
                    },
                    {
                        "place": "Nagoya JR Gate Tower Hotel",
                        "Img": "https://i.travelapi.com/hotels/17000000/16240000/16233800/16233709/8e40a02a_z.jpg"
                    },
                    {
                        "place": "Grace Inn Nagoya",
                        "Img": "https://q-xx.bstatic.com/xdata/images/hotel/max1280x900/136161660.jpg?k=bdfb78508d128d000d25c2fe526841e3dcb9f16ad3fd71b6ff2ad331cd5ed44c&o="
                    },
                    {
                        "place": "Sanco Inn Nagoya Shinkansen-guchi Annex",
                        "Img": "https://q-xx.bstatic.com/xdata/images/hotel/max1280x900/128345805.jpg?k=bf9ee26700546cc9dfcc080b4311b74cd1c0c5bac754fd1925edca6c9da46003&o="
                    },
                    {
                        "place": "Hotel Wing International Nagoya",
                        "Img": "https://www.hotelwing.co.jp/tomakomai/wp-content/uploads/2017/05/ogp.jpg"
                    }
                ]
            },
            {
                "country": "Japan",
                "place": "Hokkaido",
                "rating": 4.8,
                "type": "Mountain",
                "desc": "Hokkaido, the northernmost island, is a place to visit year round because of its cool summers and snowy winters offering ski resorts and hot springs. Sapporo, the capital of Hokkaido, hosts the annual Snow Festival in February. Other areas of interest include Niseko, Otaru and Hakodate.",
                "Img": "https://a.cdn-hotels.com/gdcs/production75/d1982/14792310-964a-4a68-abbf-e2a9a5b9b09c.jpg?impolicy=fcrop&w=800&h=533&q=medium",
                "hotels": [
                    {
                        "place": "The Maples Niseko(ザ・メイプルズ・ニセコ)",
                        "Img": "https://trvimg.r10s.jp/share/HOTEL/151100/151100.jpg"
                    },
                    {
                        "place": "La'gent Stay Sapporo Odori Hokkaido",
                        "Img": "https://media-cdn.tripadvisor.com/media/photo-s/0f/54/55/fb/street--v16338367.jpg"
                    },
                    {
                        "place": "Island Inn Rishiri",
                        "Img": "https://q-xx.bstatic.com/xdata/images/hotel/max1280x900/47973548.jpg?k=83fa3e8cb2ed0229a609df3472e8a40a3d3e0274451d21bb6c5910f53b7ae36b&o="
                    }
                ]
            },
            {
                "country": "USA",
                "place": "New York",
                "rating": 4.7,
                "type": "City",
                "desc": "NEW YORK CITY An iconic global centre that has inspired the world with its brilliant architecture, movies, and art. Also known as the Big Apple, New York is well-known for its magnificent skyscrapers, Broadway shows and beautiful landmarks, making it the perfect destination for travellers from all over.",
                "Img": "https://www.holidify.com/images/bgImages/NEW-YORK-CITY.jpg",
                "hotels": [
                    {
                        "place": "New York Hilton Midtown",
                        "Img": "https://media.staticontent.com/media/pictures/dc37724e-9b3b-4ebd-9f0d-baf3368c5323"
                    },
                    {
                        "place": "W New York - Times Square",
                        "Img": "https://i.travelapi.com/lodging/1000000/860000/853500/853497/7a9c1399_z.jpg"
                    },
                    {
                        "place": "The New Yorker A Wyndham Hotel",
                        "Img": "https://q-xx.bstatic.com/xdata/images/hotel/max500/83778539.jpg?k=5bf5ef209088046ab7b0e38efcc23f4d58e7b65ab78144f9ca315aba1482e230&o="
                    },
                    {
                        "place": "casablanca hotel",
                        "Img": "https://q-xx.bstatic.com/xdata/images/hotel/max1280x900/45152292.jpg?k=cc194b11cf933d64b20b11c7f955b1d6132a9d9679bf015daf1f02649a000321&o="
                    },
                    {
                        "place": "New York Marriott Marquis",
                        "Img": "http://www.cfmedia.vfmleonardo.com/imageRepo/6/0/95/560/609/nycmq-exterior-0167-ver-clsc_P.jpg"
                    }
                ]
            },
            {
                "country": "USA",
                "place": "las vegas",
                "rating": 4.5,
                "type": "City",
                "desc": "Las Vegas a place that brings neon signboards, iconic hotels and the legendary casinos to our minds. For the ultimate, no-limits entertainment trip, there is hardly any place in the world that comes close to Vegas.",
                "Img": "https://assets.simpleviewcms.com/simpleview/image/upload/c_limit,h_1200,q_75,w_1200/v1/clients/lasvegas/strip_b86ddbea-3add-4995-b449-ac85d700b027.jpg",
                "hotels": [
                    {
                        "place": "Caesars Palace",
                        "Img": "http://www.cfmedia.vfmleonardo.com/imageRepo/1/0/34/652/342/Caesars_Palace_Las_Vegas_7_x_5__300dpi_7.13.09_P.jpg"
                    },
                    {
                        "place": "Mandalay Bay",
                        "Img": "https://q-xx.bstatic.com/xdata/images/hotel/max1280x900/193379869.jpg?k=ab67930d910029302c39315bba5ff0de6349b9b98931e0d4580cf6bd18491c0f&o="
                    },
                    {
                        "place": "ARIA Resort & Casino",
                        "Img": "https://www.atrapalo.cl/hoteles/picture/l/1119/4/2/101738147.jpg"
                    },
                    {
                        "place": "Hard Rock Hotel & Casino Las Vegas",
                        "Img": "http://culturemixmag.com/wp-content/uploads/2013/07/singapore.jpg"
                    },
                    {
                        "place": "The Venetian Las Vegas",
                        "Img": "https://bing.com/th?id=OLC.2wDWxq3rmhxn5g480x360&w=474&h=316&p=0"
                    }
                ]
            },
            {
                "country": "USA",
                "place": "Los Angeles",
                "rating": 4.6,
                "type": "City",
                "desc": "Los Angeles is the hub of all activities on the famous West Coast of the United States. It is the second-largest city in the country, and one of the US's prime tourist cities. Home to the world-famous Hollywood entertainment industry, Los Angeles has become a huge tourist destination.",
                "Img": "https://upload.wikimedia.org/wikipedia/commons/3/32/20190616154621%21Echo_Park_Lake_with_Downtown_Los_Angeles_Skyline.jpg",
                "hotels": [
                    {
                        "place": "Freehand Los Angeles",
                        "Img": "https://i.travelapi.com/lodging/17000000/16320000/16317400/16317325/a2c059d1_z.jpg"
                    },
                    {
                        "place": "JW Marriott Los Angeles L.A. LIVE",
                        "Img": "http://www.cfmedia.vfmleonardo.com/imageRepo/6/0/96/786/912/laxjw-exterior-0064-ver-clsc_P.jpg"
                    },
                    {
                        "place": "Omni Los Angeles Hotel at California Plaza",
                        "Img": "https://i.travelapi.com/lodging/1000000/20000/18600/18595/96efc0a9_z.jpg"
                    },
                    {
                        "place": "The Garland",
                        "Img": "https://www.thegarland.com/images/content/offers/good-times.jpg?008359485558997704"
                    },
                    {
                        "place": "Holiday Inn Express & Suites Hollywood Walk of Fame, an IHG Hotel",
                        "Img": "https://images.reservationcounter.com/hotel/6125472/50144712/0/640x480"
                    }
                ]
            },
            {
                "country": "USA",
                "place": "San Francisco",
                "rating": 4.4,
                "type": "City",
                "desc": "San Francisco is one of the most important cities on the West Coast and all of the United States. It has been a major tourist destination since the 1960s, thanks to its wide array of attractions, the iconic Golden Gate Bridge fantastic views of the San Francisco Bay and brilliant summer weather.",
                "Img": "https://assets.prevu.com/blogs/images/reasons-to-move-to-the-san-francisco-bay-area/da12b31b01bddd911eedabc46a6f48b0?ixlib=rb-4.0.3&w=1200&lossless=true&auto=format%20compress&fit=fill&fill=solid&s=339c483c5919bf5302ca20a00d15411b",
                "hotels": [
                    {
                        "place": "Hilton San Francisco Financial District",
                        "Img": "https://upload.wikimedia.org/wikipedia/commons/7/71/Hilton_San_Francisco_Financial_District.jpg"
                    },
                    {
                        "place": "Hotel Union Square",
                        "Img": "https://www.hotelscombined.ie//kimg/24/53/d8457dc6-1629c176c6c.jpg"
                    },
                    {
                        "place": "San Francisco Marriott Marquis",
                        "Img": "https://i.travelapi.com/lodging/1000000/10000/8800/8737/33916f1d_z.jpg"
                    },
                    {
                        "place": "Hotel Zoe Fisherman's Wharf",
                        "Img": "https://a.mktgcdn.com/p/89HwNj7rzNTzfBr6T9PySKzYwhvTorZcZQ4CeUc6zCI/2400x1800.jpg"
                    },
                    {
                        "place": "Huntington Hotel",
                        "Img": "https://media-cdn.tripadvisor.com/media/photo-s/1d/1e/5c/64/exterior.jpg"
                    }
                ]
            },
            {
                "country": "USA",
                "place": "San Diego",
                "rating": 4.6,
                "type": "City",
                "desc": "San Diego Tourism Home to serene white-sand beaches, San Diego is popularly called 'America's Finest City'. San Diego is the second-largest city in California, while it ranks no. 8 in the list of the largest cities in the United States. With incredible weather conditions throughout the year and over 60 beaches, the sunny and warm San Diego is perfect to travel to throughout the year.",
                "Img": "https://images.shipsmart.com/content/templates/images/blog/reasons-to-ship-to-san-diego.jpg?v=1.00&imgeng=/w_auto,950",
                "hotels": [
                    {
                        "place": "Hard Rock Hotel San Diego",
                        "Img": "https://bing.com/th?id=OLC.0LfA1ROFJPSdeg480x360&w=500&h=350&p=0"
                    },
                    {
                        "place": "Bahia Resort Hotel",
                        "Img": "https://q-xx.bstatic.com/xdata/images/hotel/max1024x768/110102005.jpg?k=ee92146f0f2271eb98fd616d71c30fe85e3e58b55047fce9e48b66dce3d09b8f&o="
                    },
                    {
                        "place": "Manchester Grand Hyatt San Diego",
                        "Img": "https://media.2findlocal.com/img/general/256606_238852.png"
                    },
                    {
                        "place": "THE US GRANT, a Luxury Collection Hotel, San Diego",
                        "Img": "https://images.data-axle.com/b758c520b24bdd91944baca12a8d5dbe7bd27c18.jpg"
                    },
                    {
                        "place": "Paradise Point Resort & Spa",
                        "Img": "https://a.mktgcdn.com/p/mBr4taipkD7maQlqfZCrqD1ofCqRmZ6FLFm9YhRWtKE/1016x677.jpg"
                    }
                ]
            }
        ]
    },
    "Portfolio": {
        "Personal-Details": {
            "Name": "Karthik D",
            "Img": "./myprofile.jpg",
            "Role": "System Engineer",
            "Designation": "(Front-End, React Developer)",
            "Mobile-No": "+91 9742534213",
            "Address": "Ganesh Colony, Ballari",
            "Gmail": "karthikdevale@gmail.com",
            "LinkedIn-Name": "Karthik D@linkedin.com",
            "LinkedIn-Link": "https://www.linkedin.com/in/karthik-d-192285190"
        },
        "Career Objective": [
            "I'm a motivated front end web developer with 2 years of experience in IT industry. Proficient in HTML,CSS,Javascript, Bootstrap, MUI,RWD(Resposive web design), and with knowledge of cutting-edge technologies like React-JS. Seeking a challenging position to utilize my skills in developing interactive, user-friendly websites.Committed to staying current and with modern web technologies and trends to deliver innovative solutions to meet client needs."
        ],
        "Skills": [
            "HTML",
            "CSS & SCSS",
            "Javascript + ES6 (Advanced JS)",
            "React-Js (Primary Skill)",
            "Bootstrap",
            "MUI (Material UI)",
            "RWD (Responsive Web Design)",
            "Problem Solving",
            "Tools Used : Vscode, Git & GitHub, BitBucket"
        ],
        "Experience": {
            "Company": "Infosys",
            "Years": "1.9 Years",
            "Desc": [
                "Working in Infosys PVTLTD, Bangalore as a UI developer since march 2020.",
                "In my current Project working as a React Developer(UI developer) where we have built a completely user-friendly website by working with a team of 10 developers. And this website is completely Responsive as it can be access from Desktop/Tab/Mobile, with proper alignment of the design in which user is viewing."
            ]
        },
        "Projects": {
            "Website": {
                "Title": "Website",
                "Name": "Trippy",
                "Link": "#"
            },
            "Website-Desc": {
                "Desc-Title": "Description",
                "Desc": [
                    "This website is a Travel website where people can book there favorite destination and near by Hotels to there destination.",
                    "This Website is a User-Friendly and it's completely a Responsive website where User can access from Destop/Tab/Mobile, with proper alignment of the design in which user is viewing.",
                    "This website contain Dynamic Coding completely where the data is coming in the form of JSON format. If in case we have to add or delete data we can do it easily no need to alter the codes just change in JSON and everything will be done according.",
                    "In this website I have majorly taken care of DRC(Don't repeat code) process, Re-Useable components and code optimisation. So that we can reuse the common components and reduce the size of the website."
                ]
            }
        },
        "Languages": [
            "English",
            "Kannada",
            "Hindi",
            "Telugu",
            "Marati"
        ],
        "Education": {
            "College": "MS Ramaiah Institute Of Technologies",
            "Branch": "Civil Engineering",
            "CGPA": "8.34",
            "Location": "Bangalore"
        },
        "Certification": [
            "Infosys Certified Front End Web Developer",
            "Infosys Certified React Associate"
        ]
    }
}